origen,destino,sha256_original,sha256_publicado,estado,observacion
Incremento 1/Diagramas De Secuencia Del Diseño/CU66_Secuencia_de_diseño.drawio,Entrega-academica/03-Diagramas/Secuencia/CU66_Secuencia_de_diseño.drawio,2f56e1a07e2cadd72b5b3fbf3494021431c07b1a417f88b13673a8fc9ef14ce9,2f56e1a07e2cadd72b5b3fbf3494021431c07b1a417f88b13673a8fc9ef14ce9,Copiado,
Incremento 1/ClasesUML.drawio,Entrega-academica/03-Diagramas/Modelos-y-arquitectura/ClasesUML.drawio,0ef9368284dbb03fe082c6de4dd605464d9be7f264ed0cf771948434106514fd,0ef9368284dbb03fe082c6de4dd605464d9be7f264ed0cf771948434106514fd,Copiado,
Incremento 1/Pruebas Unitarias y de Integracion/Prueba P-18 – Base de conocimiento crear artículo.png,Entrega-academica/05-Pruebas/P-18.png,92972cc13096b0d1a7ec8d7fa0c5a2171f3d15f7eba651ac8a950c122499eb5d,92972cc13096b0d1a7ec8d7fa0c5a2171f3d15f7eba651ac8a950c122499eb5d,Copiado,
Incremento 1/Diagramas De Secuencia Del Diseño/CU44_Secuencia_de_diseño.drawio,Entrega-academica/03-Diagramas/Secuencia/CU44_Secuencia_de_diseño.drawio,ac51b4c32d2e7140d3e0e3b24b6794b4ece59888febf6bd80bbb1e249ccf210c,ac51b4c32d2e7140d3e0e3b24b6794b4ece59888febf6bd80bbb1e249ccf210c,Copiado,
Incremento 1/Pruebas Unitarias y de Integracion/Prueba P-04 – Inicio de sesión con contraseña incorrecta.png,Entrega-academica/05-Pruebas/P-04.png,5543d085d27b693c38e8ef40d7aa3221017933b551750df5f8219507b583fca5,5543d085d27b693c38e8ef40d7aa3221017933b551750df5f8219507b583fca5,Copiado,
Incremento 1/Pagina Web/Pagina Web/package.json,Codigo/package.json,18ac379944705a56351669c085623d0a87f941ccaee99a78929fa6106407ee2f,18ac379944705a56351669c085623d0a87f941ccaee99a78929fa6106407ee2f,Copiado,
Incremento 1/Base_de_datos_INGSOFTWARE/codigo en texto.txt,Entrega-academica/03-Diagramas/Modelos-base-de-datos/codigo en texto.txt,141d1eaa847ce5ef4f1b21865797db467f1a3a46bbcb48da3da58fb16680cdb9,141d1eaa847ce5ef4f1b21865797db467f1a3a46bbcb48da3da58fb16680cdb9,Copiado,
Incremento 1/Diagramas De Secuencia Del Diseño/CU09_Secuencia_de_diseño.drawio,Entrega-academica/03-Diagramas/Secuencia/CU09_Secuencia_de_diseño.drawio,0b722a4cdca99b0fd95a1c22da008eb5d74ce419a68a3d2ba3c2cd49e2a8f8c8,0b722a4cdca99b0fd95a1c22da008eb5d74ce419a68a3d2ba3c2cd49e2a8f8c8,Copiado,
Incremento 1/Diagramas De Secuencia Del Diseño/CU39_Secuencia_de_diseño.drawio,Entrega-academica/03-Diagramas/Secuencia/CU39_Secuencia_de_diseño.drawio,073628e18945fc8196c6d3f88db9a7fed499c857262e0337ca23356c80bb40ed,073628e18945fc8196c6d3f88db9a7fed499c857262e0337ca23356c80bb40ed,Copiado,
Incremento 1/Pruebas Unitarias y de Integracion/Prueba P-05 – Validación de RUT módulo 11 válido.png,Entrega-academica/05-Pruebas/P-05.png,ffe13c08a3d2c27457ffa3db1a3b876ad471618dc917fa2c6b9cf96479ab8424,ffe13c08a3d2c27457ffa3db1a3b876ad471618dc917fa2c6b9cf96479ab8424,Copiado,
Incremento 1/Pruebas Unitarias y de Integracion/Prueba P-14 – Comentario público en ticket.png,Entrega-academica/05-Pruebas/P-14.png,a7efac063954155704cfece34a11467f67dc4b9b4e071a54b5adc73d5d20ce41,a7efac063954155704cfece34a11467f67dc4b9b4e071a54b5adc73d5d20ce41,Copiado,
Incremento 1/Pruebas Unitarias y de Integracion/Prueba P-19 – Auto-asistencia sugerencia de artículo.png,Entrega-academica/05-Pruebas/P-19.png,6a7c206fae4ae4cf848cb339cfd5b4c17b1009706dd7d29cfd59f3384f0021c9,6a7c206fae4ae4cf848cb339cfd5b4c17b1009706dd7d29cfd59f3384f0021c9,Copiado,
Incremento 1/Pruebas Unitarias y de Integracion/Prueba P-06 – Validación de RUT módulo 11 inválido.png,Entrega-academica/05-Pruebas/P-06.png,9ff042db1239d360697e9a1fc81acd3a4ce60e64db6dcc0084b437f2507441f5,9ff042db1239d360697e9a1fc81acd3a4ce60e64db6dcc0084b437f2507441f5,Copiado,
Incremento 1/Diagrama de casos de uso - Incremento 1/7.20 Diagrama de CU - Gestionando el centro de notificaciones in-app.drawio,Entrega-academica/02-Casos-de-uso/7.20 Diagrama de CU - Gestionando el centro de notificaciones in-app.drawio,007ab8223e5fe5ffb02bac503d7edba17cfd267a2a8f686b4aacfde9f0afc8b6,007ab8223e5fe5ffb02bac503d7edba17cfd267a2a8f686b4aacfde9f0afc8b6,Copiado,
Incremento 1/Pruebas Unitarias y de Integracion/Prueba P-10 – Adjuntar archivo de 15 MB.png,Entrega-academica/05-Pruebas/P-10.png,7f9b450817107d8104e515878d83cade59c86d22b0feeb29e8ed278a23588a1e,7f9b450817107d8104e515878d83cade59c86d22b0feeb29e8ed278a23588a1e,Copiado,
Incremento 1/Diagramas De Secuencia Del Diseño/CU01_Secuencia_de_diseño.drawio,Entrega-academica/03-Diagramas/Secuencia/CU01_Secuencia_de_diseño.drawio,4b958267ca439ef1c3aba804d6c98919cda5c050178a75b8fe62e2e1421a7a33,4b958267ca439ef1c3aba804d6c98919cda5c050178a75b8fe62e2e1421a7a33,Copiado,
Incremento 1/Diagrama de casos de uso - Incremento 1/7.21 Diagrama de CU -  Reforzando la seguridad en el inicio de sesión (2FA).drawio,Entrega-academica/02-Casos-de-uso/7.21 Diagrama de CU -  Reforzando la seguridad en el inicio de sesión (2FA).drawio,b625e01c55f55e1bf6705a41fb9cd677075358b5c6bda2a0168dba49414d079e,b625e01c55f55e1bf6705a41fb9cd677075358b5c6bda2a0168dba49414d079e,Copiado,
Incremento 1/Pruebas Unitarias y de Integracion/Prueba P-16 – Notificación por correo al resolver ticket.png,Entrega-academica/05-Pruebas/P-16.png,0004f163025ba956056556cf28ef3720d38a1bf592decd98439484a8fbf22220,0004f163025ba956056556cf28ef3720d38a1bf592decd98439484a8fbf22220,Copiado,
Incremento 1/Pruebas Unitarias y de Integracion/Prueba P-15 – Notificación por correo al crear ticket.png,Entrega-academica/05-Pruebas/P-15.png,8e6e60a3cc3419d37a0200dfef1177e38e3b1f16dc1b80ac2ee8109c04ece90b,8e6e60a3cc3419d37a0200dfef1177e38e3b1f16dc1b80ac2ee8109c04ece90b,Copiado,
Incremento 1/Pruebas Unitarias y de Integracion/Prueba P-20 – Exportar ticket a PDF.png,Entrega-academica/05-Pruebas/P-20.png,5386614d1afb638728423bc8c3440ba3073128136c5dae21f154c86242ff320b,5386614d1afb638728423bc8c3440ba3073128136c5dae21f154c86242ff320b,Copiado,
Incremento 1/Diagramas De Secuencia Del Diseño/CU32_Secuencia_de_diseño.drawio,Entrega-academica/03-Diagramas/Secuencia/CU32_Secuencia_de_diseño.drawio,f49fe122d07afa1aede34a789c1e9c50a2fc94e0ef09d7542214e908a68881b8,f49fe122d07afa1aede34a789c1e9c50a2fc94e0ef09d7542214e908a68881b8,Copiado,
Incremento 1/Diagramas De Secuencia Del Diseño/CU11_Secuencia_de_diseño.drawio,Entrega-academica/03-Diagramas/Secuencia/CU11_Secuencia_de_diseño.drawio,041a7b369c7f69b9b104265e8c3fd97e235bc2e2e255392d5f3c3904e4a569aa,041a7b369c7f69b9b104265e8c3fd97e235bc2e2e255392d5f3c3904e4a569aa,Copiado,
Incremento 1/Pruebas Unitarias y de Integracion/Prueba P-24 – Sesión única segundo inicio cierra primera.png,Entrega-academica/05-Pruebas/P-24.png,db6bbae0fe34defde0f35fe518c21d1bede263d9cf7709a043c209541f4b5863,db6bbae0fe34defde0f35fe518c21d1bede263d9cf7709a043c209541f4b5863,Copiado,
Incremento 1/Diagramas de Componente y Despliegue/Diagrama de Componentes.drawio,Entrega-academica/03-Diagramas/Modelos-y-arquitectura/Diagrama de Componentes.drawio,0a70fad5fd315b7f8f57356fcc6cb8079b2494ece2a293758b77cd0ac7c02036,0a70fad5fd315b7f8f57356fcc6cb8079b2494ece2a293758b77cd0ac7c02036,Copiado,
Incremento 1/Pruebas Unitarias y de Integracion/Prueba P-23 – Autenticación 2FA (código incorrecto).png,Entrega-academica/05-Pruebas/P-23.png,0f7bc31780a83b87079f028418e748b811c8810d8abdbd4e1d8d9136bd01064c,0f7bc31780a83b87079f028418e748b811c8810d8abdbd4e1d8d9136bd01064c,Copiado,
Incremento 1/Diagrama de casos de uso - Incremento 1/7.7 Diagrama de CU - Visualizando estructuradamente las solicitudes.drawio,Entrega-academica/02-Casos-de-uso/7.7 Diagrama de CU - Visualizando estructuradamente las solicitudes.drawio,952e71746abde1a962e21a5b405459bd82468486241cea74c673fba3dd76f426,952e71746abde1a962e21a5b405459bd82468486241cea74c673fba3dd76f426,Copiado,
Incremento 1/Diagrama de casos de uso - Incremento 1/7.8 Diagrama de CU - Comunicando asíncronamente en los tickets.drawio,Entrega-academica/02-Casos-de-uso/7.8 Diagrama de CU - Comunicando asíncronamente en los tickets.drawio,1537a87a304995901e0b29d0747fdd134621c17ce86734eeb5fb3c0141a82708,1537a87a304995901e0b29d0747fdd134621c17ce86734eeb5fb3c0141a82708,Copiado,
Incremento 1/Pruebas Unitarias y de Integracion/Prueba P-09 – Adjuntar archivo JPG de 5 MB.png,Entrega-academica/05-Pruebas/P-09.png,c032e2c8f30b9e7e78eca6c36f7f51b0655dee15302c3f8ab1c6868790b3dabd,c032e2c8f30b9e7e78eca6c36f7f51b0655dee15302c3f8ab1c6868790b3dabd,Copiado,
Incremento 1/Diagrama de casos de uso - Incremento 1/7.17 Diagrama de CU - Renovando credenciales de acceso.drawio,Entrega-academica/02-Casos-de-uso/7.17 Diagrama de CU - Renovando credenciales de acceso.drawio,14b2bf3055de8032bdf2b3e79c1e3c80467ac860977d1156c679b439bfbe7f4e,14b2bf3055de8032bdf2b3e79c1e3c80467ac860977d1156c679b439bfbe7f4e,Copiado,
Incremento 1/Pruebas Unitarias y de Integracion/Prueba P-01 – Registrar usuario con RUT válido.png,Entrega-academica/05-Pruebas/P-01.png,510eb03ab6278b20a3275569c3242dc40572312b2fcc701d4d138449f1eadd8f,510eb03ab6278b20a3275569c3242dc40572312b2fcc701d4d138449f1eadd8f,Copiado,
Incremento 1/Pruebas Unitarias y de Integracion/Prueba P-21 – Recuperación de contraseña por olvido.png,Entrega-academica/05-Pruebas/P-21.png,3065e2de14cc84d3bc2fd0bca1fbc7d06617595cb4ddd13684bf2f490e41dc31,3065e2de14cc84d3bc2fd0bca1fbc7d06617595cb4ddd13684bf2f490e41dc31,Copiado,
Incremento 1/Diagramas de Componente y Despliegue/Diagrama de Despliegue.drawio,Entrega-academica/03-Diagramas/Modelos-y-arquitectura/Diagrama de Despliegue.drawio,c30220ab866958b52d93200496f0c8b98160f5936ea94f759a7ed80445f0e24e,c30220ab866958b52d93200496f0c8b98160f5936ea94f759a7ed80445f0e24e,Copiado,
Incremento 1/Diagrama de casos de uso - Incremento 1/7.5 Diagrama de CU - Gestionando archivos adjuntos y evidencia digital.drawio,Entrega-academica/02-Casos-de-uso/7.5 Diagrama de CU - Gestionando archivos adjuntos y evidencia digital.drawio,d9349a0e91c999aece9fc598e84b7a006257ecac4b73910e6d3749e973673c55,d9349a0e91c999aece9fc598e84b7a006257ecac4b73910e6d3749e973673c55,Copiado,
Incremento 1/Diagrama de casos de uso - Incremento 1/7.4 Diagrama de CU - Creando tickets mediante el formulario central.drawio,Entrega-academica/02-Casos-de-uso/7.4 Diagrama de CU - Creando tickets mediante el formulario central.drawio,f6793ff016ddb8fe9d2a0968c230abfc8c22d1e732a4ee7cd8d1c55c2229d592,f6793ff016ddb8fe9d2a0968c230abfc8c22d1e732a4ee7cd8d1c55c2229d592,Copiado,
Incremento 1/Base_de_datos_INGSOFTWARE/MERE(draw.io)/mere Corregido.drawio.png,Entrega-academica/03-Diagramas/Modelos-base-de-datos/MERE(draw.io)/mere Corregido.drawio.png,2ccac029f0b3d30a488997fe1e9175a81de2d6af8e829891fa0e1d7ad852f129,2ccac029f0b3d30a488997fe1e9175a81de2d6af8e829891fa0e1d7ad852f129,Copiado,
Incremento 1/Diagrama de casos de uso - Incremento 1/7.22 Diagrama de CU - Verificando la identidad chilena (módulo 11).drawio,Entrega-academica/02-Casos-de-uso/7.22 Diagrama de CU - Verificando la identidad chilena (módulo 11).drawio,87fce7c3095da8f62ee514da4cd83c34a7f23a0fa9b318387df93f680cbf7a0b,87fce7c3095da8f62ee514da4cd83c34a7f23a0fa9b318387df93f680cbf7a0b,Copiado,
Incremento 1/Base_de_datos_INGSOFTWARE/Modelo Fisico (draw.io)/modelo fisico mere.jpg,Entrega-academica/03-Diagramas/Modelos-base-de-datos/Modelo Fisico (draw.io)/modelo fisico mere.jpg,cfc55e3a9024353b5980489610da5fb267b1330b61ea9d7e5b9f0f08808c8215,cfc55e3a9024353b5980489610da5fb267b1330b61ea9d7e5b9f0f08808c8215,Copiado,
Incremento 1/Base_de_datos_INGSOFTWARE/M_fis y Cod (MySQL)/bd_codigo.sql,Base-de-datos/bd_codigo.sql,092cbd0474a8f479c38cf4bb9d51901022fb8b65e66af57f22347c041580fc15,092cbd0474a8f479c38cf4bb9d51901022fb8b65e66af57f22347c041580fc15,Copiado,
Incremento 1/Árbol de Navegación del Sistema (MVP).drawio,Entrega-academica/03-Diagramas/Modelos-y-arquitectura/Árbol de Navegación del Sistema (MVP).drawio,b1b0d086d73e5dd974c25ec0c4abc1710198756da497292f2edefc1df05c6681,b1b0d086d73e5dd974c25ec0c4abc1710198756da497292f2edefc1df05c6681,Copiado,
Incremento 1/Diagramas De Secuencia Del Diseño/CU26_Secuencia_de_diseño.drawio,Entrega-academica/03-Diagramas/Secuencia/CU26_Secuencia_de_diseño.drawio,fae4d7364468d38ebf0da23cced844f90949adee6712284a52a848f170c67c5b,fae4d7364468d38ebf0da23cced844f90949adee6712284a52a848f170c67c5b,Copiado,
Incremento 1/Diagramas De Secuencia Del Diseño/CU03_Secuencia_de_diseño.drawio,Entrega-academica/03-Diagramas/Secuencia/CU03_Secuencia_de_diseño.drawio,14a69297810a73e5c88878745b9f9e5e71fc3606bd3c3b04322a6b38754ad221,14a69297810a73e5c88878745b9f9e5e71fc3606bd3c3b04322a6b38754ad221,Copiado,
Incremento 1/Pruebas Unitarias y de Integracion/Prueba P-02 – Registrar usuario con RUT duplicado.png,Entrega-academica/05-Pruebas/P-02.png,c1983d18e3f4084bd02c5bd5d09c03bf1e0cf28560971856f2612e0d8e891b44,c1983d18e3f4084bd02c5bd5d09c03bf1e0cf28560971856f2612e0d8e891b44,Copiado,
Incremento 1/Diagramas De Secuencia Del Diseño/CU02_Secuencia_de_diseño.drawio,Entrega-academica/03-Diagramas/Secuencia/CU02_Secuencia_de_diseño.drawio,4e47827c5369255adbb807d1046a8fcc1fa2c9ac48c0c536e2d067fa9bb806df,4e47827c5369255adbb807d1046a8fcc1fa2c9ac48c0c536e2d067fa9bb806df,Copiado,
Incremento 1/Pruebas Unitarias y de Integracion/Prueba P-11 – Asignación automática de ticket por categoría.png,Entrega-academica/05-Pruebas/P-11.png,cf757881ed098885b2d645ea0fb9e5772e964090f29205057a4eab3a134e6996,cf757881ed098885b2d645ea0fb9e5772e964090f29205057a4eab3a134e6996,Copiado,
Incremento 1/Base_de_datos_INGSOFTWARE/M_fis y Cod (MySQL)/bd_sql(modelo fisico).mwb,Entrega-academica/03-Diagramas/Modelos-base-de-datos/M_fis y Cod (MySQL)/bd_sql(modelo fisico).mwb,1b0ad026e50e3544e54f5763bf42d80e35dc215ea57804e377b5f8d8b1a2f20e,1b0ad026e50e3544e54f5763bf42d80e35dc215ea57804e377b5f8d8b1a2f20e,Copiado,
Incremento 1/Diagramas De Secuencia Del Diseño/CU42_Secuencia_de_diseño.drawio,Entrega-academica/03-Diagramas/Secuencia/CU42_Secuencia_de_diseño.drawio,8ff7c878ecbeed0f547758969d3d9d60265d9ac600b377bedc070af4fb47c201,8ff7c878ecbeed0f547758969d3d9d60265d9ac600b377bedc070af4fb47c201,Copiado,
Incremento 1/Diagrama de casos de uso - Incremento 1/7.14 Diagrama de CU - Documentando soluciones recurrentes.drawio,Entrega-academica/02-Casos-de-uso/7.14 Diagrama de CU - Documentando soluciones recurrentes.drawio,4df267dcd0556196cea0b150fe03ab4f3ada9c5786557bf25fe8b9490012635e,4df267dcd0556196cea0b150fe03ab4f3ada9c5786557bf25fe8b9490012635e,Copiado,
Incremento 1/Pruebas Unitarias y de Integracion/Prueba P-17 – Dashboard muestra KPIs correctos.png,Entrega-academica/05-Pruebas/P-17.png,01d5f32285af54cff7a0bd13aad197acf495c922e418864853027833f9d0549e,01d5f32285af54cff7a0bd13aad197acf495c922e418864853027833f9d0549e,Copiado,
Incremento 1/Pruebas Unitarias y de Integracion/Prueba P-08 – Creación de ticket sin descripción.png,Entrega-academica/05-Pruebas/P-08.png,2cd0acb69f662dbe68916b97dc16be42dd2844988f0cbf9b27656c586686212d,2cd0acb69f662dbe68916b97dc16be42dd2844988f0cbf9b27656c586686212d,Copiado,
Incremento 1/Diagramas De Secuencia Del Diseño/CU08_Secuencia_de_diseño.drawio,Entrega-academica/03-Diagramas/Secuencia/CU08_Secuencia_de_diseño.drawio,7af1462343928370453a429d21cbe8cd41f1cf03510330037737476afb18a033,7af1462343928370453a429d21cbe8cd41f1cf03510330037737476afb18a033,Copiado,
Incremento 1/Diagramas De Secuencia Del Diseño/CU34_Secuencia_de_diseño.drawio,Entrega-academica/03-Diagramas/Secuencia/CU34_Secuencia_de_diseño.drawio,f873699746d086ebfe8c6b0cff2fb87bd303af05214cfa20ec99876b67a2885f,f873699746d086ebfe8c6b0cff2fb87bd303af05214cfa20ec99876b67a2885f,Copiado,
Incremento 1/Diagrama de casos de uso - Incremento 1/7.19 Diagrama de CU - Gestionando la seguridad de acceso concurrente.drawio,Entrega-academica/02-Casos-de-uso/7.19 Diagrama de CU - Gestionando la seguridad de acceso concurrente.drawio,86615155d255c815106d89393a41009dc5bcac4a976d50b5651fdc4d50c02e95,86615155d255c815106d89393a41009dc5bcac4a976d50b5651fdc4d50c02e95,Copiado,
Incremento 1/Diagramas De Secuencia Del Diseño/CU38_Secuencia_de_diseño.drawio,Entrega-academica/03-Diagramas/Secuencia/CU38_Secuencia_de_diseño.drawio,0249cb7f1f837e0072187436c423d0a4a75b2ae74c575e75030bdfad84ae454e,0249cb7f1f837e0072187436c423d0a4a75b2ae74c575e75030bdfad84ae454e,Copiado,
Incremento 1/Diagramas De Secuencia Del Diseño/CU51_Secuencia_de_diseño.drawio,Entrega-academica/03-Diagramas/Secuencia/CU51_Secuencia_de_diseño.drawio,2e8e88e38bbbf21445871e99d6481ae158d89ee1b62ddbbc92ac15d485009dc0,2e8e88e38bbbf21445871e99d6481ae158d89ee1b62ddbbc92ac15d485009dc0,Copiado,
Incremento 1/Pruebas Unitarias y de Integracion/Prueba P-03 – Inicio de sesión con credenciales correctas.png,Entrega-academica/05-Pruebas/P-03.png,44fa78b5ec63d0078b54e38385450f72f2da5bff5114696c98ced692d43ddbce,44fa78b5ec63d0078b54e38385450f72f2da5bff5114696c98ced692d43ddbce,Copiado,
Incremento 1/Diagramas De Secuencia Del Diseño/CU36_Secuencia_de_diseño.drawio,Entrega-academica/03-Diagramas/Secuencia/CU36_Secuencia_de_diseño.drawio,294131f26aaffedbac87865cedd136f763a9707450c2c21c9fcd17443dba5fcf,294131f26aaffedbac87865cedd136f763a9707450c2c21c9fcd17443dba5fcf,Copiado,
Incremento 1/Diagrama de casos de uso - Incremento 1/7.2 Diagrama de CU - Editando el perfil de usuario.drawio,Entrega-academica/02-Casos-de-uso/7.2 Diagrama de CU - Editando el perfil de usuario.drawio,3c5e561a0834e45136f46d9ff17f610cff8ab12c3bfdf911db70704b80983dd8,3c5e561a0834e45136f46d9ff17f610cff8ab12c3bfdf911db70704b80983dd8,Copiado,
Incremento 1/Diagramas De Secuencia Del Diseño/CU20_Secuencia_de_diseño.drawio,Entrega-academica/03-Diagramas/Secuencia/CU20_Secuencia_de_diseño.drawio,c81b16cc1be06beea42f99aa4f9c7f3edf8efd0c20ed281544c0351dff9b894e,c81b16cc1be06beea42f99aa4f9c7f3edf8efd0c20ed281544c0351dff9b894e,Copiado,
Incremento 1/Pagina Web/Pagina Web/public/index.html,Codigo/public/index.html,6878764c4703173121e5262667fcca68d042d8650248f7a65b2294fcd538b083,6878764c4703173121e5262667fcca68d042d8650248f7a65b2294fcd538b083,Copiado,
Incremento 1/Pruebas Unitarias y de Integracion/Prueba P-13 – Resuelto.png,Entrega-academica/05-Pruebas/P-13.png,a07c6fa53f3b12ed5398ae0ecd89150e8431a665c83c8140b5663cb4c10345a1,a07c6fa53f3b12ed5398ae0ecd89150e8431a665c83c8140b5663cb4c10345a1,Copiado,
Incremento 1/Pruebas Unitarias y de Integracion/Prueba P-12 – En Proceso.png,Entrega-academica/05-Pruebas/P-12.png,ca4e42e4a23eacfa799aa389ff16d7f2b274041c8f0e4210174dad632559beed,ca4e42e4a23eacfa799aa389ff16d7f2b274041c8f0e4210174dad632559beed,Copiado,
Incremento 1/Diagramas De Secuencia Del Diseño/CU35_Secuencia_de_diseño.drawio,Entrega-academica/03-Diagramas/Secuencia/CU35_Secuencia_de_diseño.drawio,3759b018389c9125e274d9a8247914704f53fc72e2bdc0f76b3791c8ce87db58,3759b018389c9125e274d9a8247914704f53fc72e2bdc0f76b3791c8ce87db58,Copiado,
Incremento 1/Diagramas De Secuencia Del Diseño/CU19_Secuencia_de_diseño.drawio,Entrega-academica/03-Diagramas/Secuencia/CU19_Secuencia_de_diseño.drawio,2adf0f59942f68cd16b693659a51b8630d051c4238d7408b4c267faa87584e4b,2adf0f59942f68cd16b693659a51b8630d051c4238d7408b4c267faa87584e4b,Copiado,
Incremento 1/Diagramas De Secuencia Del Diseño/CU16_Secuencia_de_diseño.drawio,Entrega-academica/03-Diagramas/Secuencia/CU16_Secuencia_de_diseño.drawio,9ff8f3c29e830c131be31a22426912226ba5058bf2298601f0914a1b6eff9070,9ff8f3c29e830c131be31a22426912226ba5058bf2298601f0914a1b6eff9070,Copiado,
Incremento 1/Base_de_datos_INGSOFTWARE/BD_completa.sql,,e7d87c3c11d045fd3a1d40a009f12dc9625482c04b1404f576f5d42ab14fb645,,Omitido,"Respaldo con cuentas y registros. Se publica el esquema bd_codigo.sql recibido, sin datos personales."
Incremento 1/Pagina Web/Pagina Web/package-lock.json,Codigo/package-lock.json,2fd2d3bf4ac1324627f430248c84b203e822ac5a91cf1a106c27af72000bbc86,2fd2d3bf4ac1324627f430248c84b203e822ac5a91cf1a106c27af72000bbc86,Copiado,
Incremento 1/Base_de_datos_INGSOFTWARE/MERE(draw.io)/mere Corregido.drawio,Entrega-academica/03-Diagramas/Modelos-base-de-datos/MERE(draw.io)/mere Corregido.drawio,cfd2fb6777e0472eb5f9c1b2161eca6389d0d75f0a6f50054da582859c3269d3,cfd2fb6777e0472eb5f9c1b2161eca6389d0d75f0a6f50054da582859c3269d3,Copiado,
Incremento 1/Pruebas Unitarias y de Integracion/Prueba P-07 – Creación de ticket con todos los campos.png,Entrega-academica/05-Pruebas/P-07.png,51cc86d36c46740bbc88c5065cd4bcfca72e322d908654a01ed277dd2ae140f4,51cc86d36c46740bbc88c5065cd4bcfca72e322d908654a01ed277dd2ae140f4,Copiado,
Incremento 1/Diagrama de casos de uso - Incremento 1/7.12 Diagrama de CU - Evaluando la eficacia técnica.drawio,Entrega-academica/02-Casos-de-uso/7.12 Diagrama de CU - Evaluando la eficacia técnica.drawio,a1f550093780b1d970b112a1b145203aa558b7ff4acf9c68d104829221790e8c,a1f550093780b1d970b112a1b145203aa558b7ff4acf9c68d104829221790e8c,Copiado,
Incremento 1/Pruebas Unitarias y de Integracion/Prueba P-22 – Autenticación 2FA (código correcto).png,Entrega-academica/05-Pruebas/P-22.png,c68d5571ae1aa5b15a8803bf0b856d09e53a67017ca26331a41b179a929070d6,c68d5571ae1aa5b15a8803bf0b856d09e53a67017ca26331a41b179a929070d6,Copiado,
Incremento 1/Diagrama de casos de uso - Incremento 1/7.15 Diagrama de CU - Auto-asistiendo durante la creación de tickets.drawio,Entrega-academica/02-Casos-de-uso/7.15 Diagrama de CU - Auto-asistiendo durante la creación de tickets.drawio,e02f0ddb54b312df0d8beb6d45e2a7aaf6bc0d003d434624bcbafd34375b1b6c,e02f0ddb54b312df0d8beb6d45e2a7aaf6bc0d003d434624bcbafd34375b1b6c,Copiado,
Incremento 1/Diagrama de casos de uso - Incremento 1/7.10 Diagrama de CU - Vigilando activamente los tiempos (SLA).drawio,Entrega-academica/02-Casos-de-uso/7.10 Diagrama de CU - Vigilando activamente los tiempos (SLA).drawio,6def5db7aee6d0effb89d190bfee8a56537ccc16128c1b51ad00f5088d0aa8e0,6def5db7aee6d0effb89d190bfee8a56537ccc16128c1b51ad00f5088d0aa8e0,Copiado,
Incremento 1/Pagina Web/readme.txt,Codigo/readme.txt,ddf9819c7c147cf51c803441157915d457623f2641fcdea20b65cad1b616a117,ddf9819c7c147cf51c803441157915d457623f2641fcdea20b65cad1b616a117,Copiado,
Incremento 1/Pruebas Unitarias y de Integracion/Prueba P-25 – Centro de notificaciones in-app.png,Entrega-academica/05-Pruebas/P-25.png,3f509b1e51881b419667c2a28524643d9e280907f3b2030da06a5a12abd09027,3f509b1e51881b419667c2a28524643d9e280907f3b2030da06a5a12abd09027,Copiado,
Incremento 1/Diagrama de casos de uso - Incremento 1/7.3 Diagrama de CU - Controlando el acceso basado en roles.drawio,Entrega-academica/02-Casos-de-uso/7.3 Diagrama de CU - Controlando el acceso basado en roles.drawio,9d0050d824c4b85dd4ae3d3674db20a62ae260a5815a2131ff7073af642d1c3c,9d0050d824c4b85dd4ae3d3674db20a62ae260a5815a2131ff7073af642d1c3c,Copiado,
Incremento 1/Diagrama de casos de uso - Incremento 1/7.1 Diagrama de CU - Registrando Usuarios en la plataforma.drawio,Entrega-academica/02-Casos-de-uso/7.1 Diagrama de CU - Registrando Usuarios en la plataforma.drawio,9de07b58c9929c46765220a246b151c04fb406e15c1e3c1258ca6828a3df95d7,9de07b58c9929c46765220a246b151c04fb406e15c1e3c1258ca6828a3df95d7,Copiado,
Incremento 1/Diagrama de casos de uso - Incremento 1/7.13 Diagrama de CU - Monitoreando dinámicamente los KPIs.drawio,Entrega-academica/02-Casos-de-uso/7.13 Diagrama de CU - Monitoreando dinámicamente los KPIs.drawio,fb483b840d21cff6911c0696dcb672904e22c75c417db76a2eb45d354f3dea02,fb483b840d21cff6911c0696dcb672904e22c75c417db76a2eb45d354f3dea02,Copiado,
Incremento 1/Diagrama de casos de uso - Incremento 1/7.6 Diagrama de CU - Despachando notificaciones automáticas.drawio,Entrega-academica/02-Casos-de-uso/7.6 Diagrama de CU - Despachando notificaciones automáticas.drawio,d6a45e43480ac47e5e5c6b98a9b2ebd0438c18ed0e0cd923265a7842308c2460,d6a45e43480ac47e5e5c6b98a9b2ebd0438c18ed0e0cd923265a7842308c2460,Copiado,
Incremento 1/Diagramas De Secuencia Del Diseño/CU27_Secuencia_de_diseño.drawio,Entrega-academica/03-Diagramas/Secuencia/CU27_Secuencia_de_diseño.drawio,54eeb5699a66d04b2cfb3c262b7c19ba488c809d78da4551de83229bd13576dd,54eeb5699a66d04b2cfb3c262b7c19ba488c809d78da4551de83229bd13576dd,Copiado,
Incremento 1/Diagramas De Secuencia Del Diseño/.$CU42_Secuencia_de_diseño_corregido1drawio.drawio.bkp,,,,Omitido,Respaldo temporal; se conserva el diagrama principal.
Incremento 1/Diagrama de casos de uso - Incremento 1/7.16 Diagrama de CU - Generando el respaldo físico del ticket.drawio,Entrega-academica/02-Casos-de-uso/7.16 Diagrama de CU - Generando el respaldo físico del ticket.drawio,dcc9da84e359a515866b84de8f677789e36ff414f91fdcd6b52b00e35cc8f078,dcc9da84e359a515866b84de8f677789e36ff414f91fdcd6b52b00e35cc8f078,Copiado,
Incremento 1/Diagrama de casos de uso - Incremento 1/7.18 Diagrama de CU - Restableciendo la clave por olvido.drawio,Entrega-academica/02-Casos-de-uso/7.18 Diagrama de CU - Restableciendo la clave por olvido.drawio,ebe1d2c13376d3ef20a57a8c7a3d567fe97dabf290593ff4ad30b38ae388f51c,ebe1d2c13376d3ef20a57a8c7a3d567fe97dabf290593ff4ad30b38ae388f51c,Copiado,
Incremento 1/Diagrama de casos de uso - Incremento 1/7.9 Diagrama de CU - Registrando transacciones de forma inmutable.drawio,Entrega-academica/02-Casos-de-uso/7.9 Diagrama de CU - Registrando transacciones de forma inmutable.drawio,9ddf875626913f890497f18f01ae7fe45fa07577b75873a73c5a71fa327173f4,9ddf875626913f890497f18f01ae7fe45fa07577b75873a73c5a71fa327173f4,Copiado,
Incremento 1/Diagramas De Secuencia Del Diseño/CU15_Secuencia_de_diseño.drawio,Entrega-academica/03-Diagramas/Secuencia/CU15_Secuencia_de_diseño.drawio,b1e72a1bf5577fdab4271e7e7a9f1aba5256d38b3893b337865855d640833459,b1e72a1bf5577fdab4271e7e7a9f1aba5256d38b3893b337865855d640833459,Copiado,
Incremento 1/Diagramas De Secuencia Del Diseño/.$CU01_Secuencia_de_diseño.drawio.bkp,,,,Omitido,Respaldo temporal; se conserva el diagrama principal.
Incremento 1/Diagramas De Secuencia Del Diseño/.$CU51_Secuencia_de_diseño_corregido1.drawio.bkp,,,,Omitido,Respaldo temporal; se conserva el diagrama principal.
Incremento 1/Base_de_datos_INGSOFTWARE/Modelo Fisico (draw.io)/modelo fisico mere.drawio,Entrega-academica/03-Diagramas/Modelos-base-de-datos/Modelo Fisico (draw.io)/modelo fisico mere.drawio,55c8d220a148327964dae5f83b4e4a3a4662494b16aed08a9b8fb63b4e6caea3,55c8d220a148327964dae5f83b4e4a3a4662494b16aed08a9b8fb63b4e6caea3,Copiado,
Incremento 1/Base_de_datos_INGSOFTWARE/normalizacion_modelos.docx,Entrega-academica/03-Diagramas/Modelos-base-de-datos/normalizacion_modelos.docx,40aa8e78123210bf065024b547da0de01abcf9e3336a3c41baa10de09f1301be,40aa8e78123210bf065024b547da0de01abcf9e3336a3c41baa10de09f1301be,Copiado,
Incremento 1/Diagrama de casos de uso - Incremento 1/7.11 Diagrama de CU - Autogestionando requerimientos a través del portal.drawio,Entrega-academica/02-Casos-de-uso/7.11 Diagrama de CU - Autogestionando requerimientos a través del portal.drawio,255f6adac7d3a371f40c3bbb5d1125a462777b1277d3e8751fbbfc453de61e8f,255f6adac7d3a371f40c3bbb5d1125a462777b1277d3e8751fbbfc453de61e8f,Copiado,
Incremento 1/Pagina Web/Pagina Web/public/manuales/1781297912711-red internet.pdf,Codigo/public/manuales/1781297912711-red internet.pdf,c247be0024b58e69d09ff81e4574527873d34002907289535bec03ea05d74826,c247be0024b58e69d09ff81e4574527873d34002907289535bec03ea05d74826,Copiado,
Incremento 1/Incremento 1 - Grupo 11 - IngenieríaSoftware.docx,Entrega-academica/01-Informe/Incremento 1 - Grupo 11 - IngenieríaSoftware.docx,f41d940573eb5dfb9b43147bf69397704a543d868032d1eff68ad4eae410740a,f41d940573eb5dfb9b43147bf69397704a543d868032d1eff68ad4eae410740a,Copiado,
Incremento 1/Pagina Web/Pagina Web/server.js,Codigo/server.js,46e0a549b7857545d3488b0c7e004d5065a03ce0ad15dec016c43336a50482f4,9ea7e980be40507b51b5e08beea1662d4cf01b77f1ec07227a723a039e1fd806,Adaptado,Credenciales MySQL y SMTP retiradas; configuracion mediante .env. No se cambiaron las reglas del incremento.
Incremento 1/Presentación Incremento 1 - Semestre 2/Incremento1_CentroClinicoAconcagua.pptx.pptx,Entrega-academica/06-Presentacion/Semestre-2/Incremento1_CentroClinicoAconcagua.pptx.pptx,e0d39d2a948e3fc99278a9c153d1a97588ea9c4f2ab1b5fa32efba2b618b46d4,e0d39d2a948e3fc99278a9c153d1a97588ea9c4f2ab1b5fa32efba2b618b46d4,Copiado,
Incremento 1/Presentación Incremento 1 - Semestre 1/Incremento1_CentroClinicoAconcagua.pptx,Entrega-academica/06-Presentacion/Semestre-1/Incremento1_CentroClinicoAconcagua.pptx,53216d242e141dca3095d69b713b1a6aebeeb48b2fdbd05b4c485a1384344647,53216d242e141dca3095d69b713b1a6aebeeb48b2fdbd05b4c485a1384344647,Copiado,
Incremento 1/Pagina Web/Pagina Web/public/manuales/1781278335891-impresora.pdf,Codigo/public/manuales/1781278335891-impresora.pdf,e0429aa95b4f2d79d9264ecdd5fcc66d6e346ba1bed3d9ec110e6c01a31579fc,e0429aa95b4f2d79d9264ecdd5fcc66d6e346ba1bed3d9ec110e6c01a31579fc,Copiado,
Incremento 1/Presentación Incremento 1 - Semestre 2/Incremento 1 - Semestre 2.mp4,Release/Presentacion-Incremento-I-Semestre-2.mp4,ffbe1b4fc10fb5a708ba0f47845fac0140905fb6837cc626e643c5376240c05a,ffbe1b4fc10fb5a708ba0f47845fac0140905fb6837cc626e643c5376240c05a,Video para Release,
Incremento 1/Presentación Incremento 1 - Semestre 1/Presentación Grupo 11 - Incremento 1.mp4,Release/Presentacion-Incremento-I-Semestre-1.mp4,c8498be2b7ee25b0f0ba122096041e72777360a858fc8e18e8c35e57919a2db9,c8498be2b7ee25b0f0ba122096041e72777360a858fc8e18e8c35e57919a2db9,Video para Release,
